[
{
  "time":"Wed Oct 17 2018 15:56:43 GMT-0400 (Eastern Daylight Time)",
  "size of ./scope_data/scopedata.txt": "17138 ",
  "message": "Info", 
  "amount of lines before collecting": "208",
  "amount of lines added": "210",
 "total lines": "418",
  "run time": "0.36666666666666664 mins"
}
,{
  "time":"Wed Oct 17 2018 16:17:29 GMT-0400 (Eastern Daylight Time)",
  "size of ./scope_data/scopedata.txt": "25748 ",
  "message": "Info", 
  "amount of lines before collecting": "418",
  "amount of lines added": "210",
 "total lines": "628",
  "run time": "0.36666666666666664 mins"
}
,{
  "time":"Thu Oct 18 2018 10:51:19 GMT-0400 (Eastern Daylight Time)",
  "size of ./scope_data/scopedata.txt": "34276 ",
  "message": "Info", 
  "amount of lines before collecting": "628",
  "amount of lines added": "208",
 "total lines": "836",
  "run time": "0.16666666666666666 mins"
}
,{
  "time":"Thu Oct 18 2018 10:53:19 GMT-0400 (Eastern Daylight Time)",
  "size of ./scope_data/scopedata.txt": "42804 ",
  "message": "Info", 
  "amount of lines before collecting": "836",
  "amount of lines added": "208",
 "total lines": "1044",
  "run time": "2.1666666666666665 mins"
}
,{
  "time":"Thu Oct 18 2018 11:01:30 GMT-0400 (Eastern Daylight Time)",
  "size of ./scope_data/scopedata.txt": "51332 ",
  "customer": "Info",
  "message": "Info", 
  "amount of lines before collecting": "1044",
  "amount of lines added": "208",
 "total lines": "1252",
  "run time": "0.3 mins"
}
,{
  "time":"Thu Oct 18 2018 11:03:24 GMT-0400 (Eastern Daylight Time)",
  "size of ./scope_data/scopedata.txt": "59860 ",
  "customer": "figs",
  "message": "figs", 
  "amount of lines before collecting": "1252",
  "amount of lines added": "208",
 "total lines": "1460",
  "run time": "2.183333333333333 mins"
}
,{
  "time":"Thu Oct 18 2018 11:05:18 GMT-0400 (Eastern Daylight Time)",
  "size of ./scope_data/scopedata.txt": "68470 ",
  "customer": "Colin Rosati",
  "message": "bugs of paradise", 
  "amount of lines before collecting": "1460",
  "amount of lines added": "210",
 "total lines": "1670",
  "run time": "0.31666666666666665 mins"
}
,{
  "time":"Thu Oct 18 2018 11:18:48 GMT-0400 (Eastern Daylight Time)",
  "size of ./scope_data/scopedata.txt": "77080 ",
  "customer": "Colin Rosati",
  "message": "Info", 
  "amount of lines before collecting": "1670",
  "amount of lines added": "210",
 "total lines": "1880",
  "run time": "0.25 mins"
}
,{
  "time":"Thu Oct 18 2018 11:19:02 GMT-0400 (Eastern Daylight Time)",
  "size of ./scope_data/scopedata.txt": "85608 ",
  "customer": "Colin Rosati",
  "message": "Infowar", 
  "amount of lines before collecting": "1880",
  "amount of lines added": "208",
 "total lines": "2088",
  "run time": "0.48333333333333334 mins"
}
,{
  "time":"Thu Oct 18 2018 11:20:48 GMT-0400 (Eastern Daylight Time)",
  "size of ./scope_data/scopedata.txt": "94136 ",
  "customer": "Colin Rosati",
  "message": "Infowar", 
  "amount of lines before collecting": "2088",
  "amount of lines added": "208",
 "total lines": "2296",
  "run time": "2.25 mins"
}
,{
  "time":"Thu Oct 18 2018 11:21:02 GMT-0400 (Eastern Daylight Time)",
  "size of ./scope_data/scopedata.txt": "102746 ",
  "customer": "Colin Rosati",
  "message": "Infowar", 
  "amount of lines before collecting": "2296",
  "amount of lines added": "210",
 "total lines": "2506",
  "run time": "2.4833333333333334 mins"
}
,{
  "time":"Thu Oct 18 2018 11:23:08 GMT-0400 (Eastern Daylight Time)",
  "size of ./scope_data/scopedata.txt": "106600 ",
  "customer": "Colin Rosati",
  "message": "Info", 
  "amount of lines before collecting": "2506",
  "amount of lines added": "94",
 "total lines": "2600",
  "run time": "4.583333333333333 mins"
}
,{
  "time":"Thu Oct 18 2018 11:25:08 GMT-0400 (Eastern Daylight Time)",
  "size of ./scope_data/scopedata.txt": "110372 ",
  "customer": "Colin Rosati",
  "message": "Info", 
  "amount of lines before collecting": "2600",
  "amount of lines added": "92",
 "total lines": "2692",
  "run time": "6.583333333333333 mins"
}
,{
  "time":"Wed Oct 24 2018 11:01:50 GMT-0400 (Eastern Daylight Time)",
  "size of ./scope_data/scopedata.txt": "118982 ",
  "customer": "vvv",
  "message": "Info", 
  "amount of lines before collecting": "2692",
  "amount of lines added": "210",
 "total lines": "2902",
  "run time": "0.15 mins"
}
,{
  "time":"Wed Oct 24 2018 11:01:50 GMT-0400 (Eastern Daylight Time)",
  "size of ./scope_data/scopedata.txt": "118982 ",
  "customer": "vvv",
  "message": "Info", 
  "amount of lines before collecting": "2692",
  "amount of lines added": "210",
 "total lines": "2902",
  "run time": "0.15 mins"
}
,{
  "time":"Wed Oct 24 2018 15:08:03 GMT-0400 (Eastern Daylight Time)",
  "size of /home/pi/data_collector_access_point/scope_data/scopedata.txt": "127592 ",
  "customer": "Colin Rosati",
  "message": "figs", 
  "amount of lines before collecting": "2902",
  "amount of lines added": "210",
 "total lines": "3112",
  "run time": "0.26666666666666666 mins"
}
,{
  "time":"Wed Oct 24 2018 15:08:03 GMT-0400 (Eastern Daylight Time)",
  "size of /home/pi/data_collector_access_point/scope_data/scopedata.txt": "127592 ",
  "customer": "Colin Rosati",
  "message": "figs", 
  "amount of lines before collecting": "2902",
  "amount of lines added": "210",
 "total lines": "3112",
  "run time": "0.26666666666666666 mins"
}
,{
  "time":"Wed Oct 24 2018 15:10:01 GMT-0400 (Eastern Daylight Time)",
  "size of /home/pi/data_collector_access_point/scope_data/scopedata.txt": "136202 ",
  "customer": "Colin Rosati",
  "message": "figs", 
  "amount of lines before collecting": "3112",
  "amount of lines added": "210",
 "total lines": "3322",
  "run time": "2.2333333333333334 mins"
}
,{
  "time":"Wed Oct 24 2018 15:10:01 GMT-0400 (Eastern Daylight Time)",
  "size of /home/pi/data_collector_access_point/scope_data/scopedata.txt": "136202 ",
  "customer": "Colin Rosati",
  "message": "figs", 
  "amount of lines before collecting": "3112",
  "amount of lines added": "210",
 "total lines": "3322",
  "run time": "2.2333333333333334 mins"
}
,{
  "time":"Thu Oct 25 2018 11:30:32 GMT-0400 (Eastern Daylight Time)",
  "size of /home/pi/data_collector_access_point/scope_data/scopedata.txt": "184254 ",
  "customer": "Colin Rosati",
  "message": "bugs", 
  "amount of lines before collecting": "3322",
  "amount of lines added": "1172",
 "total lines": "4494",
  "run time": "0.31666666666666665 mins"
}
,{
  "time":"Thu Oct 25 2018 11:30:32 GMT-0400 (Eastern Daylight Time)",
  "size of /home/pi/data_collector_access_point/scope_data/scopedata.txt": "184254 ",
  "customer": "Colin Rosati",
  "message": "bugs", 
  "amount of lines before collecting": "3322",
  "amount of lines added": "1172",
 "total lines": "4494",
  "run time": "0.31666666666666665 mins"
}
,{
  "time":"Thu Oct 25 2018 11:30:32 GMT-0400 (Eastern Daylight Time)",
  "size of /home/pi/data_collector_access_point/scope_data/scopedata.txt": "184254 ",
  "customer": "Colin Rosati",
  "message": "bugs", 
  "amount of lines before collecting": "3322",
  "amount of lines added": "1172",
 "total lines": "4494",
  "run time": "0.31666666666666665 mins"
}
,{
  "time":"Thu Oct 25 2018 11:30:32 GMT-0400 (Eastern Daylight Time)",
  "size of /home/pi/data_collector_access_point/scope_data/scopedata.txt": "184254 ",
  "customer": "Colin Rosati",
  "message": "bugs", 
  "amount of lines before collecting": "3322",
  "amount of lines added": "1172",
 "total lines": "4494",
  "run time": "0.31666666666666665 mins"
}
,{
  "time":"Thu Oct 25 2018 11:30:32 GMT-0400 (Eastern Daylight Time)",
  "size of /home/pi/data_collector_access_point/scope_data/scopedata.txt": "184254 ",
  "customer": "Colin Rosati",
  "message": "bugs", 
  "amount of lines before collecting": "3322",
  "amount of lines added": "1172",
 "total lines": "4494",
  "run time": "0.31666666666666665 mins"
}
,{
  "time":"Thu Oct 25 2018 11:30:32 GMT-0400 (Eastern Daylight Time)",
  "size of /home/pi/data_collector_access_point/scope_data/scopedata.txt": "184254 ",
  "customer": "Colin Rosati",
  "message": "bugs", 
  "amount of lines before collecting": "3322",
  "amount of lines added": "1172",
 "total lines": "4494",
  "run time": "0.31666666666666665 mins"
}
,{
  "time":"Thu Oct 25 2018 11:30:32 GMT-0400 (Eastern Daylight Time)",
  "size of /home/pi/data_collector_access_point/scope_data/scopedata.txt": "184254 ",
  "customer": "Colin Rosati",
  "message": "bugs", 
  "amount of lines before collecting": "3322",
  "amount of lines added": "1172",
 "total lines": "4494",
  "run time": "0.31666666666666665 mins"
}
,{
  "time":"Thu Oct 25 2018 11:30:32 GMT-0400 (Eastern Daylight Time)",
  "size of /home/pi/data_collector_access_point/scope_data/scopedata.txt": "184254 ",
  "customer": "Colin Rosati",
  "message": "bugs", 
  "amount of lines before collecting": "3322",
  "amount of lines added": "1172",
 "total lines": "4494",
  "run time": "0.31666666666666665 mins"
}
,{
  "time":"Thu Oct 25 2018 11:30:32 GMT-0400 (Eastern Daylight Time)",
  "size of /home/pi/data_collector_access_point/scope_data/scopedata.txt": "184254 ",
  "customer": "Colin Rosati",
  "message": "bugs", 
  "amount of lines before collecting": "3322",
  "amount of lines added": "1172",
 "total lines": "4494",
  "run time": "0.31666666666666665 mins"
}
,{
  "time":"Thu Oct 25 2018 11:30:32 GMT-0400 (Eastern Daylight Time)",
  "size of /home/pi/data_collector_access_point/scope_data/scopedata.txt": "184254 ",
  "customer": "Colin Rosati",
  "message": "bugs", 
  "amount of lines before collecting": "3322",
  "amount of lines added": "1172",
 "total lines": "4494",
  "run time": "0.31666666666666665 mins"
}
,{
  "time":"Thu Oct 25 2018 11:30:32 GMT-0400 (Eastern Daylight Time)",
  "size of /home/pi/data_collector_access_point/scope_data/scopedata.txt": "184254 ",
  "customer": "Colin Rosati",
  "message": "bugs", 
  "amount of lines before collecting": "3322",
  "amount of lines added": "1172",
 "total lines": "4494",
  "run time": "0.31666666666666665 mins"
}
,{
  "time":"Thu Oct 25 2018 11:30:32 GMT-0400 (Eastern Daylight Time)",
  "size of /home/pi/data_collector_access_point/scope_data/scopedata.txt": "184254 ",
  "customer": "Colin Rosati",
  "message": "bugs", 
  "amount of lines before collecting": "3322",
  "amount of lines added": "1172",
 "total lines": "4494",
  "run time": "0.31666666666666665 mins"
}
,{
  "time":"Thu Oct 25 2018 11:30:32 GMT-0400 (Eastern Daylight Time)",
  "size of /home/pi/data_collector_access_point/scope_data/scopedata.txt": "184254 ",
  "customer": "Colin Rosati",
  "message": "bugs", 
  "amount of lines before collecting": "3322",
  "amount of lines added": "1172",
 "total lines": "4494",
  "run time": "0.31666666666666665 mins"
}
,{
  "time":"Thu Oct 25 2018 11:30:32 GMT-0400 (Eastern Daylight Time)",
  "size of /home/pi/data_collector_access_point/scope_data/scopedata.txt": "184254 ",
  "customer": "Colin Rosati",
  "message": "bugs", 
  "amount of lines before collecting": "3322",
  "amount of lines added": "1172",
 "total lines": "4494",
  "run time": "0.31666666666666665 mins"
}
,{
  "time":"Thu Oct 25 2018 11:30:32 GMT-0400 (Eastern Daylight Time)",
  "size of /home/pi/data_collector_access_point/scope_data/scopedata.txt": "184254 ",
  "customer": "Colin Rosati",
  "message": "bugs", 
  "amount of lines before collecting": "3322",
  "amount of lines added": "1172",
 "total lines": "4494",
  "run time": "0.31666666666666665 mins"
}
,{
  "time":"Thu Oct 25 2018 11:30:32 GMT-0400 (Eastern Daylight Time)",
  "size of /home/pi/data_collector_access_point/scope_data/scopedata.txt": "184254 ",
  "customer": "Colin Rosati",
  "message": "bugs", 
  "amount of lines before collecting": "3322",
  "amount of lines added": "1172",
 "total lines": "4494",
  "run time": "0.31666666666666665 mins"
}
,{
  "time":"Thu Oct 25 2018 11:30:32 GMT-0400 (Eastern Daylight Time)",
  "size of /home/pi/data_collector_access_point/scope_data/scopedata.txt": "184254 ",
  "customer": "Colin Rosati",
  "message": "bugs", 
  "amount of lines before collecting": "3322",
  "amount of lines added": "1172",
 "total lines": "4494",
  "run time": "0.31666666666666665 mins"
}
,{
  "time":"Thu Oct 25 2018 11:30:32 GMT-0400 (Eastern Daylight Time)",
  "size of /home/pi/data_collector_access_point/scope_data/scopedata.txt": "184254 ",
  "customer": "Colin Rosati",
  "message": "bugs", 
  "amount of lines before collecting": "3322",
  "amount of lines added": "1172",
 "total lines": "4494",
  "run time": "0.31666666666666665 mins"
}
,{
  "time":"Thu Oct 25 2018 11:30:32 GMT-0400 (Eastern Daylight Time)",
  "size of /home/pi/data_collector_access_point/scope_data/scopedata.txt": "184254 ",
  "customer": "Colin Rosati",
  "message": "bugs", 
  "amount of lines before collecting": "3322",
  "amount of lines added": "1172",
 "total lines": "4494",
  "run time": "0.31666666666666665 mins"
}
,{
  "time":"Thu Oct 25 2018 11:30:32 GMT-0400 (Eastern Daylight Time)",
  "size of /home/pi/data_collector_access_point/scope_data/scopedata.txt": "184254 ",
  "customer": "Colin Rosati",
  "message": "bugs", 
  "amount of lines before collecting": "3322",
  "amount of lines added": "1172",
 "total lines": "4494",
  "run time": "0.31666666666666665 mins"
}
,{
  "time":"Thu Oct 25 2018 11:30:32 GMT-0400 (Eastern Daylight Time)",
  "size of /home/pi/data_collector_access_point/scope_data/scopedata.txt": "184254 ",
  "customer": "Colin Rosati",
  "message": "bugs", 
  "amount of lines before collecting": "3322",
  "amount of lines added": "1172",
 "total lines": "4494",
  "run time": "0.31666666666666665 mins"
}
,{
  "time":"Thu Oct 25 2018 11:30:32 GMT-0400 (Eastern Daylight Time)",
  "size of /home/pi/data_collector_access_point/scope_data/scopedata.txt": "184254 ",
  "customer": "Colin Rosati",
  "message": "bugs", 
  "amount of lines before collecting": "3322",
  "amount of lines added": "1172",
 "total lines": "4494",
  "run time": "0.31666666666666665 mins"
}
,{
  "time":"Thu Oct 25 2018 11:30:32 GMT-0400 (Eastern Daylight Time)",
  "size of /home/pi/data_collector_access_point/scope_data/scopedata.txt": "184254 ",
  "customer": "Colin Rosati",
  "message": "bugs", 
  "amount of lines before collecting": "3322",
  "amount of lines added": "1172",
 "total lines": "4494",
  "run time": "0.31666666666666665 mins"
}
,{
  "time":"Thu Oct 25 2018 11:30:32 GMT-0400 (Eastern Daylight Time)",
  "size of /home/pi/data_collector_access_point/scope_data/scopedata.txt": "184254 ",
  "customer": "Colin Rosati",
  "message": "bugs", 
  "amount of lines before collecting": "3322",
  "amount of lines added": "1172",
 "total lines": "4494",
  "run time": "0.31666666666666665 mins"
}
,{
  "time":"Thu Oct 25 2018 11:30:32 GMT-0400 (Eastern Daylight Time)",
  "size of /home/pi/data_collector_access_point/scope_data/scopedata.txt": "184254 ",
  "customer": "Colin Rosati",
  "message": "bugs", 
  "amount of lines before collecting": "3322",
  "amount of lines added": "1172",
 "total lines": "4494",
  "run time": "0.31666666666666665 mins"
}
,{
  "time":"Thu Oct 25 2018 11:30:32 GMT-0400 (Eastern Daylight Time)",
  "size of /home/pi/data_collector_access_point/scope_data/scopedata.txt": "184254 ",
  "customer": "Colin Rosati",
  "message": "bugs", 
  "amount of lines before collecting": "3322",
  "amount of lines added": "1172",
 "total lines": "4494",
  "run time": "0.31666666666666665 mins"
}
,{
  "time":"Thu Oct 25 2018 11:30:32 GMT-0400 (Eastern Daylight Time)",
  "size of /home/pi/data_collector_access_point/scope_data/scopedata.txt": "184254 ",
  "customer": "Colin Rosati",
  "message": "bugs", 
  "amount of lines before collecting": "3322",
  "amount of lines added": "1172",
 "total lines": "4494",
  "run time": "0.31666666666666665 mins"
}
,{
  "time":"Thu Oct 25 2018 11:30:32 GMT-0400 (Eastern Daylight Time)",
  "size of /home/pi/data_collector_access_point/scope_data/scopedata.txt": "184254 ",
  "customer": "Colin Rosati",
  "message": "bugs", 
  "amount of lines before collecting": "3322",
  "amount of lines added": "1172",
 "total lines": "4494",
  "run time": "0.31666666666666665 mins"
}
,{
  "time":"Thu Oct 25 2018 11:30:32 GMT-0400 (Eastern Daylight Time)",
  "size of /home/pi/data_collector_access_point/scope_data/scopedata.txt": "184254 ",
  "customer": "Colin Rosati",
  "message": "bugs", 
  "amount of lines before collecting": "3322",
  "amount of lines added": "1172",
 "total lines": "4494",
  "run time": "0.31666666666666665 mins"
}
,{
  "time":"Thu Oct 25 2018 11:30:32 GMT-0400 (Eastern Daylight Time)",
  "size of /home/pi/data_collector_access_point/scope_data/scopedata.txt": "184254 ",
  "customer": "Colin Rosati",
  "message": "bugs", 
  "amount of lines before collecting": "3322",
  "amount of lines added": "1172",
 "total lines": "4494",
  "run time": "0.31666666666666665 mins"
}
,{
  "time":"Thu Oct 25 2018 11:30:32 GMT-0400 (Eastern Daylight Time)",
  "size of /home/pi/data_collector_access_point/scope_data/scopedata.txt": "184254 ",
  "customer": "Colin Rosati",
  "message": "bugs", 
  "amount of lines before collecting": "3322",
  "amount of lines added": "1172",
 "total lines": "4494",
  "run time": "0.31666666666666665 mins"
}
,{
  "time":"Thu Oct 25 2018 11:30:32 GMT-0400 (Eastern Daylight Time)",
  "size of /home/pi/data_collector_access_point/scope_data/scopedata.txt": "184254 ",
  "customer": "Colin Rosati",
  "message": "bugs", 
  "amount of lines before collecting": "3322",
  "amount of lines added": "1172",
 "total lines": "4494",
  "run time": "0.31666666666666665 mins"
}
,{
  "time":"Thu Oct 25 2018 11:30:32 GMT-0400 (Eastern Daylight Time)",
  "size of /home/pi/data_collector_access_point/scope_data/scopedata.txt": "184254 ",
  "customer": "Colin Rosati",
  "message": "bugs", 
  "amount of lines before collecting": "3322",
  "amount of lines added": "1172",
 "total lines": "4494",
  "run time": "0.31666666666666665 mins"
}
,{
  "time":"Thu Oct 25 2018 11:30:32 GMT-0400 (Eastern Daylight Time)",
  "size of /home/pi/data_collector_access_point/scope_data/scopedata.txt": "184254 ",
  "customer": "Colin Rosati",
  "message": "bugs", 
  "amount of lines before collecting": "3322",
  "amount of lines added": "1172",
 "total lines": "4494",
  "run time": "0.31666666666666665 mins"
}
,{
  "time":"Thu Oct 25 2018 11:30:32 GMT-0400 (Eastern Daylight Time)",
  "size of /home/pi/data_collector_access_point/scope_data/scopedata.txt": "184254 ",
  "customer": "Colin Rosati",
  "message": "bugs", 
  "amount of lines before collecting": "3322",
  "amount of lines added": "1172",
 "total lines": "4494",
  "run time": "0.31666666666666665 mins"
}
]